{
    "uvs": [],
    "materials": [{
        "DbgColor": 15658734,
        "DbgIndex": 0,
        "colorAmbient": [0.090838,0.090838,0.090838],
        "transparent": false,
        "opacity": 1,
        "colorEmissive": [0,0,0],
        "visible": true,
        "wireframe": false,
        "colorDiffuse": [0.090838,0.090838,0.090838],
        "shading": "lambert",
        "depthWrite": true,
        "DbgName": "Material.001",
        "blending": "NormalBlending",
        "depthTest": true
    }],
    "faces": [34,3,2,105,0,0,1,2,35,38,37,41,42,0,3,4,5,6,34,33,26,134,0,7,8,9,34,38,42,45,0,3,6,10,35,42,41,43,44,0,6,5,11,12,34,32,140,49,0,13,14,15,34,42,44,45,0,6,12,10,34,49,140,146,0,15,14,16,35,45,44,48,152,0,10,12,17,18,35,73,67,70,171,0,19,20,21,22,34,49,146,153,0,15,16,23,34,49,156,147,0,15,24,25,34,51,53,161,0,26,27,28,34,53,57,61,0,27,29,30,35,78,75,177,178,0,31,32,33,34,35,82,79,78,178,0,35,36,31,34,35,176,86,87,88,0,37,38,39,40,35,108,103,102,107,0,41,42,43,44,34,56,6,39,0,45,46,47,34,97,89,28,0,48,49,50,35,122,121,124,125,0,51,52,53,54,35,136,131,130,135,0,55,56,57,58,34,126,133,127,0,59,60,61,35,158,153,152,52,0,62,23,18,63,35,178,177,182,184,0,34,33,64,65,34,169,168,78,0,66,67,31,35,183,82,178,184,0,68,35,34,65,35,191,187,186,190,0,69,70,71,72,34,180,91,181,0,73,74,75,34,181,92,84,0,75,76,77,35,0,101,4,94,0,78,79,80,81,34,93,98,100,0,82,83,84,34,106,89,97,0,85,49,48,34,95,99,5,0,86,87,88,35,6,84,92,9,0,46,77,76,89,35,99,95,94,4,0,87,86,81,80,35,8,1,5,104,0,90,91,88,92,34,0,100,101,0,78,84,79,35,103,99,4,102,0,42,87,80,43,35,5,99,103,104,0,88,87,42,92,34,1,8,105,0,91,90,2,35,101,100,110,111,0,79,84,93,94,34,8,104,7,0,90,92,95,35,104,103,108,7,0,92,42,41,95,34,9,3,109,0,89,0,96,35,107,102,101,111,0,44,43,79,94,35,11,108,107,10,0,97,41,44,98,35,7,108,11,12,0,95,41,97,99,34,109,8,12,0,96,90,99,35,14,11,10,113,0,100,97,98,101,34,106,128,98,0,85,102,83,34,9,115,6,0,89,103,46,34,12,114,15,0,99,104,105,35,110,98,13,17,0,93,83,106,107,35,12,11,14,114,0,99,97,100,104,34,109,12,15,0,96,99,105,35,113,10,111,112,0,101,98,94,108,35,14,113,117,18,0,100,101,109,110,34,110,17,112,0,93,107,108,35,19,114,14,18,0,111,104,100,110,34,112,116,117,0,108,112,109,35,19,18,21,118,0,111,110,113,114,34,113,112,117,0,101,108,109,34,115,15,119,0,103,105,115,34,19,118,25,0,111,114,116,34,119,19,25,0,115,111,116,35,122,21,20,121,0,51,113,117,52,34,117,23,20,0,109,118,117,34,17,22,116,0,107,119,112,34,115,120,16,0,103,120,121,34,118,24,25,0,114,122,116,35,118,21,122,24,0,114,113,51,122,34,23,116,22,0,118,112,119,35,25,24,27,31,0,116,122,123,124,34,120,119,126,0,120,115,59,35,23,22,123,29,0,118,119,125,126,35,24,122,125,27,0,122,51,54,123,34,22,13,26,0,119,106,8,34,126,25,31,0,59,116,124,35,124,121,23,29,0,53,52,118,126,35,27,125,30,129,0,123,54,127,128,34,22,26,123,0,119,8,125,34,120,127,16,0,120,61,121,34,27,129,31,0,123,128,124,34,39,16,32,0,47,121,13,34,97,28,128,0,48,50,102,35,31,129,132,137,0,124,128,129,130,35,131,30,124,130,0,56,127,53,57,35,29,123,33,130,0,126,125,7,57,35,129,30,131,132,0,128,127,56,129,34,133,31,137,0,60,124,130,35,132,131,136,34,0,129,56,55,131,34,124,29,130,0,53,126,57,34,26,128,46,0,8,102,132,34,132,34,137,0,129,131,130,35,37,136,135,139,0,4,55,58,133,34,32,127,140,0,13,61,14,35,142,138,137,38,0,134,135,130,3,34,33,35,36,0,7,136,137,35,34,136,37,38,0,131,55,4,3,35,41,37,139,40,0,5,4,133,138,34,138,142,140,0,135,134,14,35,40,139,36,144,0,138,133,137,139,34,134,141,143,0,9,140,141,34,142,38,45,0,134,3,10,35,43,41,40,145,0,11,5,138,142,34,35,134,143,0,136,9,141,35,43,145,47,149,0,11,142,143,144,34,35,143,144,0,136,141,139,34,56,32,147,0,45,13,25,34,140,142,146,0,14,134,16,35,144,143,148,151,0,139,141,145,146,35,153,146,45,152,0,23,16,10,18,35,48,44,43,149,0,17,12,11,144,35,47,145,144,151,0,143,142,139,146,35,150,141,46,160,0,147,140,132,148,34,148,141,150,0,145,140,147,34,48,149,50,0,17,144,149,35,155,50,47,154,0,150,149,143,151,35,48,50,155,52,0,17,149,150,63,35,154,47,151,51,0,151,143,146,26,35,157,155,154,54,0,152,150,151,153,34,148,57,51,0,145,29,26,34,52,55,162,0,63,154,155,35,52,155,157,55,0,63,150,152,154,34,158,52,162,0,62,63,155,35,54,154,51,161,0,153,151,26,28,35,59,157,54,58,0,156,152,153,157,34,55,60,162,0,154,158,155,35,56,147,163,175,0,45,25,159,160,35,55,157,59,60,0,154,152,156,158,34,28,159,160,0,50,161,148,35,59,58,62,165,0,156,157,162,163,34,147,156,163,0,25,24,159,35,161,53,61,167,0,28,27,30,164,35,61,57,150,164,0,30,29,147,165,35,63,60,59,165,0,166,158,156,163,34,64,162,63,0,167,155,166,35,62,58,161,167,0,162,157,28,164,35,67,64,63,70,0,20,167,166,21,34,63,66,70,0,166,168,21,34,61,166,167,0,30,169,164,34,64,67,163,0,167,20,159,35,66,63,165,65,0,168,166,163,170,35,65,62,68,69,0,170,162,171,172,35,21,18,117,20,0,113,110,109,117,35,71,61,164,77,0,173,30,165,174,35,68,62,167,168,0,171,162,164,67,34,66,65,69,0,168,170,172,35,70,66,72,171,0,21,168,175,22,34,61,71,166,0,30,173,169,35,69,68,169,170,0,172,171,66,176,35,72,66,69,170,0,175,168,172,176,34,166,71,168,0,169,173,67,34,163,74,175,0,159,177,160,34,67,73,74,0,20,19,177,35,168,71,75,78,0,67,173,32,31,35,173,76,169,79,0,178,179,66,36,34,72,170,76,0,175,176,179,35,72,76,173,80,0,175,179,178,180,34,174,171,80,0,181,22,180,35,173,79,82,83,0,178,36,35,182,34,80,176,179,0,180,37,183,35,175,74,84,96,0,160,177,77,184,35,180,174,80,179,0,73,181,180,183,35,176,80,173,83,0,37,180,178,182,35,179,176,88,188,0,183,37,40,185,34,75,172,177,0,32,186,33,34,77,85,172,0,174,187,186,34,174,180,81,0,181,73,188,34,172,85,177,0,186,187,33,34,85,159,89,0,187,161,49,34,83,86,176,0,182,38,37,34,84,81,181,0,77,188,75,35,87,86,82,183,0,39,38,35,68,35,91,180,179,188,0,74,73,183,185,35,87,183,185,186,0,39,68,189,71,34,88,187,188,0,40,70,185,35,187,88,87,186,0,70,40,39,71,34,182,90,184,0,64,190,65,35,186,185,189,190,0,71,189,191,72,35,2,91,188,191,0,1,74,185,69,34,182,85,93,0,64,187,82,35,95,190,189,94,0,86,72,191,81,34,185,184,189,0,189,65,191,34,90,182,93,0,190,64,82,34,91,2,92,0,74,1,76,34,56,96,6,0,45,184,46,34,28,89,159,0,50,49,161,34,56,175,96,0,45,160,184,34,191,5,1,0,69,88,91,35,191,190,95,5,0,69,72,86,88,34,189,90,0,0,191,190,78,34,191,1,2,0,69,91,1,34,93,85,106,0,82,187,85,34,56,39,32,0,45,47,13,34,46,28,160,0,132,50,148,34,49,153,156,0,15,23,24,34,127,133,138,0,61,60,135,34,135,130,36,0,58,57,137,34,150,160,164,0,147,148,165,34,185,183,184,0,189,68,65,34,96,84,6,0,184,77,46,34,9,92,3,0,89,76,0,34,2,1,105,0,1,91,2,34,0,93,100,0,78,82,84,34,98,93,106,0,83,82,85,34,102,4,101,0,43,80,79,34,110,100,98,0,93,84,83,34,109,105,8,0,96,2,90,34,3,105,109,0,0,2,96,34,8,7,12,0,90,95,99,34,106,97,128,0,85,48,102,34,115,9,109,0,103,89,96,34,10,107,111,0,98,44,94,34,111,110,112,0,94,93,108,34,98,128,13,0,83,102,106,34,6,115,16,0,46,103,121,34,115,109,15,0,103,96,105,34,15,114,19,0,105,104,111,34,119,15,19,0,115,105,111,34,112,17,116,0,108,107,112,34,117,116,23,0,109,112,118,34,22,17,13,0,119,107,106,34,39,6,16,0,47,46,121,34,120,115,119,0,120,103,115,34,126,119,25,0,59,115,116,34,121,20,23,0,52,117,118,34,26,13,128,0,8,106,102,34,120,126,127,0,120,59,61,34,30,125,124,0,127,54,53,34,133,126,31,0,60,59,124,34,32,16,127,0,13,121,61,34,128,28,46,0,102,50,132,34,33,123,26,0,7,125,8,34,130,33,36,0,57,7,137,34,140,127,138,0,14,61,135,34,138,133,137,0,135,60,130,34,26,46,134,0,8,132,9,34,137,34,38,0,130,131,3,34,139,135,36,0,133,58,137,34,35,33,134,0,136,7,9,34,36,35,144,0,137,136,139,34,134,46,141,0,9,132,140,34,146,142,45,0,16,134,10,34,145,40,144,0,142,138,139,34,147,32,49,0,25,13,15,34,148,143,141,0,145,141,140,34,149,47,50,0,144,143,149,34,152,48,52,0,18,17,63,34,151,148,51,0,146,145,26,34,57,148,150,0,29,145,147,34,156,153,158,0,24,23,62,34,53,51,57,0,27,26,29,34,163,156,64,0,159,24,167,34,64,158,162,0,167,62,155,34,58,54,161,0,157,153,28,34,156,158,64,0,24,62,167,34,162,60,63,0,155,158,166,34,160,159,164,0,148,161,165,34,165,62,65,0,163,162,170,34,167,166,168,0,164,169,67,34,164,159,77,0,165,161,174,34,163,67,74,0,159,20,177,34,169,68,168,0,66,171,67,34,170,169,76,0,176,66,179,34,172,71,77,0,186,173,174,34,74,73,81,0,