{
    "vertices": [-4.55107,8.35457,11.9847,-5.50011,8.21846,11.9953,-6.15832,8.23019,11.4394,-5.39351,8.57073,10.6757,-5.03287,8.93881,12.2032,-5.87531,9.15496,10.8942,-4.26805,9.27935,11.4394,-5.10472,9.51697,11.6489,-4.70256,8.02149,11.4394,-5.32166,7.99256,11.2299,-4.55107,8.35457,10.8942,-4.03065,8.52252,11.6059,-4.05578,8.75477,11.2025,-4.40705,8.99694,12.008,-6.37059,8.75477,11.6763,-6.01932,8.51259,12.008,-6.01932,8.51259,10.8709,-6.39573,8.98701,11.2729,-5.87531,9.15496,11.9847,-4.40705,8.99694,10.8709,-5.72382,9.48805,11.4394,-4.92627,9.29107,10.8835,-5.23595,7.79753,11.1214,-4.86885,8.2467,11.6479,-5.81538,8.07777,11.6519,-6.57803,8.2467,10.7008,-5.81538,8.07777,10.2695,-5.51893,9.24682,11.8126,-4.87612,9.24682,10.2695,-4.4688,9.24682,11.2207,-5.41362,9.69599,11.2207,-4.46767,8.24484,10.9607,-4.99555,7.93464,10.6657,-6.1759,7.93464,10.9607,-6.37753,8.24484,11.4381,-4.86885,8.2467,10.2736,-4.34305,8.74676,11.2557,-4.34305,8.74676,10.6657,-5.52342,8.74676,11.9154,-4.79391,8.74676,11.7331,-6.25292,8.74676,11.7331,-6.25292,8.74676,10.1883,-6.81899,8.6956,10.9607,-4.79391,8.74676,10.1883,-5.52342,8.74676,10.006,-6.57526,9.24682,10.6942,-5.84966,9.24868,10.1884,-4.87093,9.55887,10.9607,-6.28779,9.41575,11.3879,-6.05129,9.55888,10.6657,-5.32179,9.55888,10.4834,-5.81039,8.05405,11.6479,-7.69725,8.32739,10.8001,-6.46945,8.05405,10.1088,-5.41312,8.05405,10.6942,-7.5168,9.05417,11.2272,-7.11953,9.05417,10.2736,-5.23267,8.78083,11.1214,-6.75243,9.50334,11.1214,-6.66658,7.74199,11.4381,-5.94505,7.63985,10.9607,-7.11745,7.742,10.9607,-7.31907,8.05219,11.4381,-6.57476,7.60488,10.7008,-7.31907,8.05219,10.4834,-5.2846,8.55411,10.6657,-6.64712,8.32739,11.9119,-5.73545,8.55411,11.7331,-7.64532,8.55411,11.2557,-7.19446,8.55411,11.7331,-7.19446,8.55411,10.1883,-5.73545,8.55411,10.1883,-6.46496,8.55411,10.006,-5.61084,9.05603,11.4381,-6.79121,9.05603,11.7331,-5.61084,9.05603,10.4834,-6.173,9.2231,11.6519,-5.81247,9.36623,10.9607,-6.99283,9.36623,10.6657,-6.173,9.2231,10.2695],
    "name": "Icosphere.004Geometry",
    "materials": [{
        "visible": true,
        "depthWrite": true,
        "DbgName": "Material",
        "opacity": 1,
        "colorAmbient": [0.64,0.64,0.64],
        "depthTest": true,
        "colorSpecular": [0.5,0.5,0.5],
        "transparent": false,
        "wireframe": false,
        "blending": "NormalBlending",
        "specularCoef": 50,
        "colorDiffuse": [0.64,0.64,0.64],
        "DbgIndex": 0,
        "colorEmissive": [0,0,0],
        "DbgColor": 15658734,
        "shading": "phong"
    }],
    "metadata": {
        "uvs": 0,
        "version": 3,
        "vertices": 80,
        "generator": "io_three",
        "materials": 1,
        "faces": 148,
        "normals": 80,
        "type": "Geometry"
    },
    "faces": [34,9,8,1,0,0,1,2,34,0,8,11,0,3,1,4,34,9,1,2,0,0,2,5,34,1,0,4,0,2,3,6,34,2,15,14,0,5,7,8,34,0,11,13,0,3,4,9,34,1,4,15,0,2,6,7,34,2,14,17,0,5,8,10,34,10,19,12,0,11,12,13,34,4,13,7,0,6,9,14,34,5,17,20,0,15,10,16,34,6,21,7,0,17,18,14,34,6,19,21,0,17,12,18,34,21,20,7,0,18,16,14,34,21,5,20,0,18,15,16,34,17,18,20,0,10,19,16,34,20,18,7,0,16,19,14,34,18,4,7,0,19,6,14,34,7,13,6,0,14,9,17,34,12,19,6,0,13,12,17,34,3,5,21,0,20,15,18,34,3,16,5,0,20,21,15,34,14,18,17,0,8,19,10,34,15,4,18,0,7,6,19,34,11,6,13,0,4,17,9,34,19,3,21,0,12,20,18,34,19,10,3,0,12,11,20,34,16,17,5,0,21,10,15,34,16,2,17,0,21,5,10,34,14,15,18,0,8,7,19,34,4,0,13,0,6,3,9,34,11,12,6,0,4,13,17,34,11,10,12,0,4,11,13,34,8,9,10,0,1,0,11,34,9,3,10,0,0,20,11,34,9,16,3,0,0,21,20,34,9,2,16,0,0,5,21,34,2,1,15,0,5,2,7,34,11,8,10,0,4,1,11,34,1,8,0,0,2,1,3,34,23,22,31,0,22,23,24,34,22,24,33,0,23,25,26,34,22,33,26,0,23,26,27,34,22,26,32,0,23,27,28,34,23,31,36,0,22,24,29,34,24,23,38,0,25,22,30,34,25,34,42,0,31,32,33,34,26,25,41,0,27,31,34,34,23,36,39,0,22,29,35,34,24,38,40,0,25,30,36,34,26,41,44,0,27,34,37,34,35,43,37,0,38,39,40,34,27,29,30,0,41,42,43,34,28,46,50,0,44,45,46,34,29,28,47,0,42,44,47,34,47,50,30,0,47,46,43,34,47,28,50,0,47,44,46,34,50,49,30,0,46,48,43,34,50,46,49,0,46,45,48,34,46,45,49,0,45,49,48,34,49,48,30,0,48,50,43,34,49,45,48,0,48,49,50,34,48,27,30,0,50,41,43,34,30,29,47,0,43,42,47,34,37,28,29,0,40,44,42,34,37,43,28,0,40,39,44,34,44,46,28,0,37,45,44,34,44,41,46,0,37,34,45,34,41,45,46,0,34,49,45,34,42,48,45,0,33,50,49,34,40,27,48,0,36,41,50,34,40,38,27,0,36,30,41,34,39,29,27,0,35,42,41,34,39,36,29,0,35,29,42,34,43,44,28,0,39,37,44,34,43,35,44,0,39,38,37,34,35,26,44,0,38,27,37,34,41,42,45,0,34,33,49,34,41,25,42,0,34,31,33,34,42,40,48,0,33,36,50,34,42,34,40,0,33,32,36,34,34,24,40,0,32,25,36,34,38,39,27,0,30,35,41,34,38,23,39,0,30,22,35,34,36,37,29,0,29,40,42,34,36,31,37,0,29,24,40,34,31,35,37,0,24,38,40,34,32,26,35,0,28,27,38,34,26,33,25,0,27,26,31,34,33,34,25,0,26,32,31,34,33,24,34,0,26,25,32,34,31,32,35,0,24,28,38,34,31,22,32,0,24,23,28,34,24,22,23,0,25,23,22,34,63,60,59,0,51,52,53,34,51,60,54,0,54,52,55,34,63,59,61,0,51,53,56,34,51,54,57,0,54,55,57,34,52,62,68,0,58,59,60,34,53,64,70,0,61,62,63,34,54,53,71,0,55,61,64,34,51,57,67,0,54,57,65,34,53,70,72,0,61,63,66,34,54,71,65,0,55,64,67,34,55,74,58,0,68,69,70,34,56,55,78,0,71,68,72,34,57,75,77,0,57,73,74,34,77,79,58,0,74,75,70,34,77,75,79,0,74,73,75,34,79,78,58,0,75,72,70,34,79,56,78,0,75,71,72,34,78,55,58,0,72,68,70,34,58,74,76,0,70,69,76,34,76,77,58,0,76,74,70,34,76,73,77,0,76,77,74,34,73,57,77,0,77,57,74,34,65,75,57,0,67,73,57,34,65,71,75,0,67,64,73,34,71,79,75,0,64,75,73,34,72,56,79,0,66,71,75,34,72,70,56,0,66,63,71,34,52,55,56,0,58,68,71,34,52,68,55,0,58,60,68,34,69,74,55,0,78,69,68,34,69,66,74,0,78,79,69,34,66,76,74,0,79,76,69,34,67,73,76,0,65,77,76,34,67,57,73,0,65,57,77,34,71,72,79,0,64,66,75,34,71,53,72,0,64,61,66,34,70,52,56,0,63,58,71,34,70,64,52,0,63,62,58,34,68,69,55,0,60,78,68,34,68,62,69,0,60,59,78,34,62,66,69,0,59,79,78,34,66,67,76,0,79,65,76,34,66,51,67,0,79,54,65,34,57,54,65,0,57,55,67,34,60,53,54,0,52,61,55,34,60,63,53,0,52,51,61,34,63,64,53,0,51,62,61,34,63,61,64,0,51,56,62,34,61,52,64,0,56,58,62,34,61,62,52,0,56,59,58,34,61,59,62,0,56,53,59,34,59,66,62,0,53,79,59,34,59,51,66,0,53,54,79,34,59,60,51,0,53,52,54],